{
	"app": {
		"client": "springjpa",
		"serverProjectPath": "/home/vivek/Desktop/demo",
		"entities": [
			{
				"name": "User",
				"auditable": "false",
				"softDelete": "false",
				"overrideExisting": "false",
				"enterpriseSpecific": "false",
				"fields": [
					{
						"name": "firstName",
						"type": "text",
						"javaType": "String",
						"restrictions": {
							"required": "false"
						},
						"realtionShip": "ManyToOne"
					},
					{
						"name": "lastName",
						"type": "text",
						"javaType": "String",
						"restrictions": {
							"required": "false"
						},
						"realtionShip": "ManyToOne"
					},
					{
						"name": "middleName",
						"type": "text",
						"javaType": "String",
						"restrictions": {
							"required": "false"
						},
						"realtionShip": "ManyToOne"
					},
					{
						"name": "username",
						"type": "text",
						"javaType": "String",
						"restrictions": {
							"required": "false"
						}
					},
					{
						"name": "password",
						"type": "text",
						"javaType": "String",
						"restrictions": {
							"required": "false"
						}
					},
					{
						"name": "role",
						"type": "text",
						"javaType": "Role",
						"restrictions": {
							"required": "false"
						},
						"realtionShip": "ManyToMany",
						"isEntityReference": "true",
						"isOwner": "true"
					}
				]
			},
			{
				"name": "Role",
				"auditable": "false",
				"softDelete": "false",
				"overrideExisting": "false",
				"enterpriseSpecific": "false",
				"fields": [
					{
						"name": "name",
						"type": "text",
						"javaType": "String",
						"restrictions": {
							"required": "false"
						}
					},
					{
						"name": "user",
						"type": "text",
						"javaType": "User",
						"restrictions": {
							"required": "false"
						},
						"realtionShip": "ManyToMany",
						"isEntityReference": "true",
						"isInversal": "true"
					},
					{
						"name": "function",
						"type": "text",
						"javaType": "Function",
						"restrictions": {
							"required": "false"
						},
						"realtionShip": "ManyToMany",
						"isEntityReference": "true",
						"isOwner": "true"
					}
				]
			},
			{
				"name": "Function",
				"auditable": "false",
				"softDelete": "false",
				"overrideExisting": "false",
				"enterpriseSpecific": "false",
				"fields": [
					{
						"name": "name",
						"type": "text",
						"javaType": "String",
						"restrictions": {
							"required": "false"
						}
					},{
						"name": "displayName",
						"type": "text",
						"javaType": "String",
						"restrictions": {
							"required": "false"
						}
					},
					{
						"name": "role",
						"type": "text",
						"javaType": "Role",
						"restrictions": {
							"required": "false"
						},
						"realtionShip": "ManyToMany",
						"isEntityReference": "true",
						"isInversal": "true"
					}
				]
			}
		]
	}
}


