{
  "app": {
    "client": "springjpa",
    "serverProjectPath": "/home/vivek/Desktop/demo",
    
    
    "entities": [{
			"name": "Employee",
			"auditable": "false",
			"softDelete": "false",
			"overrideExisting": "false",
			"enterpriseSpecific": "false",
			"fields":[
			{
				"name": "ename",
				"type": "text",
				"javaType": "String",
				"restrictions": {
					"required": "false"
				}
			},
			{
			"name": "salary",
				"type": "text",
				"javaType": "double",
				"restrictions": {
					"required": "false"
				},
				"realtionShip":"ManyToOne"
			},{
			"name": "deg",
				"type": "text",
				"javaType": "String",
				"restrictions": {
					"required": "false"
				},
				"realtionShip":"ManyToOne"
			},{
			"name": "department",
				"type": "text",
				"javaType": "Department",
				"restrictions": {
					"required": "false"
				},
				"realtionShip":"ManyToMany",
				"isEntityReference" : "true",
				"isOwner" : "true"
			}]
			},{
			"name": "Department",
			"auditable": "false",
			"softDelete": "false",
			"overrideExisting": "false",
			"enterpriseSpecific": "false",
			"fields":[
			{
				"name": "dname",
				"type": "text",
				"javaType": "String",
				"restrictions": {
					"required": "false"
				}
			},{
			"name": "employee",
				"type": "text",
				"javaType": "Employee",
				"restrictions": {
					"required": "false"
				},
				"realtionShip":"ManyToMany",
				"isEntityReference" : "true",
				"isInversal" : "true"
			}]
			}
			]
  }
}