{
  "app": {
    "client": "shris",
    "serverProjectPath": "D:\\TNOUWorkspace\\cs-server",
    "entities": [
      {
        "name": "Order",
        "auditable": "false",
        "softDelete": "false",
        "enterpriseSpecific": "false",
        "fields": [
          {
            "name": "ticker",
            "type": "text",
            "javaType": "String",
            "restrictions": {
				"required": "true"
            }
          },
          {
            "name": "clientId",
            "type": "text",
			"javaType": "String",
			"restrictions": {
				"required": "true"
            }
          },
          {
            "name": "accountId",
            "type": "text",
			"javaType": "String",
			"restrictions": {
				"required": "true"
            }
          },
		  {
            "name": "orderDate",
            "type": "text",
			"javaType": "Date",
			"restrictions": {
				"required": "true"
            }
          },
		  {
            "name": "orderDataList",
            "type": "text",
			"javaType": "OrderData",
			"restrictions": {
				"required": "true"
			},
			"realtionShip":"ManyToOne",
			"isEntityReference" : "true"
          }
		]
      },
      {
        "name": "OrderData",
        "auditable": "false",
        "softDelete": "false",
        "enterpriseSpecific": "false",
        "fields": [
          {
            "name": "orderId",
            "type": "text",
            "javaType": "String",
            "restrictions": {
              "required": "true"
            }
          },
          {
            "name": "qty",
            "type": "text",
			"javaType": "Integer",
			"restrictions": {
				"required": "true"
            }
           },
          {
            "name": "notionalValue",
            "type": "text",
            "javaType": "String",
            "restrictions": {
              "required": "true"
            }
          },
          {
            "name": "side",
            "type": "text",
            "javaType": "String",
            "restrictions": {
              "required": "true"
            }
          },
          {
            "name": "msg",
            "type": "text",
            "javaType": "String",
            "restrictions": {
              "required": "true"
            }
          }
        ]
      }
    ]
  }
}