{
  "app": {
    "client": "shris",
    "serverProjectPath": "D:\\TNOUWorkspace\\demo_test",
    "entities": [
      {
        "name": "Function",
        "auditable": "true",
        "softDelete": "false",
        "enterpriseSpecific": "false",
        "fields": [
          {
            "name": "name",
            "type": "text",
            "javaType": "String"
            
          },
          {
            "name": "displayName",
            "type": "text",
			"javaType": "String"
          },
          {
            "name": "code",
            "type": "text",
			"javaType": "String"
          },
		  {
            "name": "description",
            "type": "text",
			"javaType": "String"
          }
		]
      }
    ]
  }
}