{
  "app": {
    "client": "shris",
    "serverProjectPath": "D:\\TNOUWorkspace\\demo",
    "entities": [
      {
        "name": "Trade",
        "auditable": "true",
        "softDelete": "false",
        "enterpriseSpecific": "false",
        "fields": [
          {
            "name": "symbol",
            "type": "text",
            "javaType": "String",
            "restrictions": {
				"required": "true"
            }
          },
          {
            "name": "traderId",
            "type": "text",
			"javaType": "String",
			"restrictions": {
				"required": "true"
            }
          },
          {
            "name": "tradeDateTime",
            "type": "text",
			"javaType": "Date",
			"restrictions": {
				"required": "true"
            }
          },
		  {
            "name": "currency",
            "type": "text",
			"javaType": "CurrencyCode",
			"restrictions": {
				"required": "true"
            },
            "realtionShip":"ManyToOne",
            "isEntityReference" : "true"
          },
		  {
            "name": "quantity",
            "type": "number",
			"javaType": "double",
			"restrictions": {
			}
          },
		  {
            "name": "tradePrice",
            "type": "number",
			"javaType": "double",
			"restrictions": {
			}
          },
		  {
            "name": "executingBroker",
            "type": "text",
			"javaType": "BrokerAccount",
			"restrictions": {
			},
			"realtionShip":"ManyToOne",
			"isEntityReference" : "true"
          },
		  {
            "name": "exchange",
            "type": "text",
			"javaType": "Exchange",
			"restrictions": {
			},
			"realtionShip":"ManyToOne",
			"isEntityReference" : "true"
          }
		]
      },
      {
        "name": "CurrencyCode",
        "auditable": "false",
        "softDelete": "false",
        "enterpriseSpecific": "false",
        "fields": [
          {
            "name": "name",
            "type": "text",
            "javaType": "String",
            "restrictions": {
              "required": "true",
              "unique" : "true"
            }
          },
          {
            "name": "active",
            "type": "text",
            "javaType": "boolean",
			"restrictions": {
			}
          },
          {
            "name": "country",
            "type": "text",
            "javaType": "Country",
             "restrictions": {
              "required": "true"
            },
            "realtionShip":"ManyToOne",
            "isEntityReference" : "true"
          },
          {
            "name": "isoCode",
            "type": "text",
            "javaType": "String",
			"restrictions": {
			}
          }
        ]
      },
      {
        "name": "Country",
        "auditable": "false",
        "softDelete": "true",
        "fields": [
          {
            "name": "name",
            "type": "text",
            "javaType": "String",
            "restrictions": {
              "unique": "true",
              "required": "true"
            }
          }
        ]
      },
      {
        "name": "BrokerAccount",
        "auditable": "false",
        "softDelete": "true",
        "fields": [
          {
            "name": "commissionRate",
            "type": "text",
            "javaType": "double",
            "restrictions": {
            }
          },
          {
            "name": "nameOfCustodian",
            "type": "text",
            "javaType": "String",
            "restrictions": {
              "required": "true"
            }
          },
          {
            "name": "address",
            "type": "text",
            "javaType": "String",
			"restrictions": {
            }
          },
          {
            "name": "accountNumber",
            "type": "text",
            "javaType": "String",
            "restrictions": {
              "unique": "true"
            }
          },
          {
            "name": "abaNumber",
            "type": "text",
            "javaType": "String",
            "restrictions": {
            }
          },
          {
            "name": "swiftCode",
            "type": "text",
            "javaType": "String",
            "restrictions": {
            }
          }
        ]
      },
      {
        "name": "Exchange",
        "auditable": "false",
        "softDelete": "true",
        "fields": [
          {
            "name": "name",
            "type": "text",
            "javaType": "String",
            "restrictions": {
              "required": "true"
            }
          },
          {
            "name": "code",
            "type": "text",
            "javaType": "String",
            "restrictions": {
              "required": "true"
            }
          }
        ]
      }
    ]
  }
}