{
  "app": {
    "client": "shris",
    "serverProjectPath": "D:\\TNOUWorkspace\\demo",
    "entities": [
     {
        "name": "AggregationType",
        "auditable": "false",
        "softDelete": "false",
        "enterpriseSpecific": "false",
        "fields": [ {
            "name": "name",
            "type": "text",
            "javaType": "String"
          }
		  ]
      },
	   {
        "name": "AggregationCategory",
        "auditable": "false",
        "softDelete": "false",
        "enterpriseSpecific": "false",
        "fields": [ {
            "name": "name",
            "type": "text",
            "javaType": "String"
          }
		  ]
      },
      {
        "name": "Metadata",
        "auditable": "false",
        "softDelete": "false",
        "enterpriseSpecific": "false",
        "fields": [ {
            "name": "name",
            "type": "text",
            "javaType": "String"
          }	   
			
		  ]
      },
	  {
        "name": "EventType",
        "auditable": "false",
        "softDelete": "false",
        "enterpriseSpecific": "false",
        "fields": [ {
            "name": "type",
            "type": "text",
            "javaType": "String"
          }
		  ]
      },
      {
        "name": "Retention",
        "auditable": "false",
        "softDelete": "false",
        "enterpriseSpecific": "false",
        "fields": [
          {
            "name": "identifier",
            "type": "text",
            "javaType": "String",
            "restrictions": {
              "unique": "true"
              
            }
          },
          {
            "name": "startDate",
            "type": "date",
            "javaType": "Date"
          },
		   {
            "name": "endDate",
            "type": "date",
            "javaType": "Date"
          },
		   {
            "name": "duration",
            "type": "text",
            "javaType": "int"
          },
		  {
            "name": "isDefault",
            "type": "text",
            "javaType": "boolean"
          },
            {
            "name": "action",
            "type": "text",
            "javaType": "String"
			},
			 {
            "name": "type",
            "type": "text",
            "javaType": "String"
			},
			 {
            "name": "category",
            "type": "text",
            "javaType": "String"
			}
            
        ]
      },
      {
        "name": "Aggregation",
        "auditable": "false",
        "softDelete": "false",
        "enterpriseSpecific": "false",
        "fields": [ 
		 {
            "name": "startDate",
            "type": "date",
            "javaType": "Date"
          },
		  {
            "name": "typeId",
            "type": "text",
            "javaType": "AggregationType",
            "realtionShip": "OneToOne",
            "isEntityReference" : "true"
          },
		  {
            "name": "categoryId",
            "type": "text",
            "javaType": "AggregationCategory",
            "realtionShip": "OneToOne",
            "isEntityReference" : "true"
          },
		  {
            "name": "description",
            "type": "text",
            "javaType": "String"
		  },
		  {
            "name": "endDate",
            "type": "date",
            "javaType": "Date"
          },
		  {
            "name": "retentionId",
            "type": "text",
            "javaType": "String",
            "realtionShip": "OneToMany"
		  },
		  {
            "name": "childId",
            "type": "text",
            "javaType": "Aggregation",
            "realtionShip": "OneToMany",
            "isEntityReference" : "true"
          },
		  {
            "name": "holdId",
            "type": "text",
            "javaType": "Hold",
            "realtionShip": "OneToMany",
            "isEntityReference" : "true"
          },
		  {
            "name": "fileName",
            "type": "text",
            "javaType": "String"
		  },
		  {
            "name": "metadata",
            "type": "text",
            "javaType": "Metadata",
            "realtionShip": "OneToOne",
            "isEntityReference" : "true"
          }
		  ]
      },
	  {
        "name": "Audit",
        "auditable": "false",
        "softDelete": "false",
        "enterpriseSpecific": "false",
        "fields": [ 
        {
            "name": "aggregationId",
            "type": "text",
            "javaType": "int"
          },
		  {
            "name": "eventTypeId",
            "type": "text",
            "javaType": "EventType",
            "realtionShip": "OneToOne",
            "isEntityReference" : "true"
          },
		 
		   {
            "name": "user",
            "type": "text",
            "javaType": "String"
			},
			{
            "name": "metadata",
            "type": "text",
            "javaType": "Metadata",
            "realtionShip": "OneToOne",
            "isEntityReference" : "true"
          }
			
		  ]
      },      
	  {
        "name": "Hold",
        "auditable": "false",
        "softDelete": "false",
        "enterpriseSpecific": "false",
        "fields": [ 
		{
            "name": "reason",
            "type": "text",
            "javaType": "String"
        },
		{
            "name": "user",
            "type": "text",
            "javaType": "String"
          },
		  {
            "name": "isActive",
            "type": "text",
            "javaType": "boolean"
            
          },
		  {
            "name": "startAggregateId",
            "type": "text",
            "javaType": "int"
          }
		  ]
      }	 
	   
     ]
   }
}