{
  "app": {
    "client": "shris",
    "serverProjectPath": "D:\\TNOUWorkspace\\cs-orderchain",
    "entities": [
      {
        "name": "OrderChain",
        "auditable": "false",
        "softDelete": "false",
        "enterpriseSpecific": "false",
        "fields": [
          {
            "name": "rootOrderId",
            "type": "text",
            "javaType": "String",
            "restrictions": {
				"required": "true"
            }
          },
          {
            "name": "orderSet",
            "type": "text",
			"javaType": "String"
          },
          {
            "name": "tag35",
            "type": "text",
			"javaType": "String"
          },
		  {
            "name": "tag39",
            "type": "text",
			"javaType": "String"
          },
		  {
            "name": "orderChain",
            "type": "text",
			"javaType": "OrderData",
			"restrictions": {
				"required": "true"
			},
			"realtionShip":"ManyToOne",
			"isEntityReference" : "true"
          }
		]
      }
    ]
  }
}