{
  "app": {
    "client": "shris",
    "serverProjectPath": "D:\\TNOUWorkspace\\demo",
    "entities": [
      {
        "name": "Student",
        "auditable": "true",
        "softDelete": "false",
        "enterpriseSpecific": "false",
        "fields": [
          {
            "name": "studentName",
            "type": "text",
            "javaType": "String",
            "restrictions": {
				"required": "true"
            }
          },
          {
            "name": "email",
            "type": "text",
			"javaType": "String",
			"restrictions": {
				"required": "true"
            }
          },
          {
            "name": "address",
            "type": "text",
			"javaType": "String",
			"restrictions": {
				"required": "true"
            }
          },
		  {
            "name": "dateOfBirth",
            "type": "text",
			"javaType": "Date",
			"restrictions": {
				"required": "true"
            }
          },
		  {
            "name": "gender",
            "type": "text",
			"javaType": "String",
			"restrictions": {
				"required": "true"
			}
          },
		  {
            "name": "studentClass",
            "type": "text",
			"javaType": "String",
			"restrictions": {
				
			}
          },
		  {
            "name": "section",
            "type": "text",
			"javaType": "String",
			"restrictions": {
				"required": "true"
			}
          },
		  {
            "name": "partner",
            "type": "text",
			"javaType": "Partner",
			"restrictions": {
				"required": "true"
			},
			"realtionShip":"ManyToOne",
			"isEntityReference" : "true"
          },
		  {
            "name": "franchisee",
            "type": "text",
			"javaType": "Franchisee",
			"restrictions": {
				"required": "true"
			},
			"realtionShip":"ManyToOne",
			"isEntityReference" : "true"
          }
		]
      },
      {
        "name": "Partner",
        "auditable": "false",
        "softDelete": "false",
        "enterpriseSpecific": "false",
        "fields": [
          {
            "name": "name",
            "type": "text",
            "javaType": "String",
            "restrictions": {
              "required": "true"
            }
          },
          {
            "name": "address",
            "type": "text",
			"javaType": "String",
			"restrictions": {
				"required": "true"
            }
           },
          {
            "name": "university",
            "type": "text",
            "javaType": "University",
             "restrictions": {
              "required": "true"
            },
            "realtionShip":"ManyToOne",
            "isEntityReference" : "true"
          }
        ]
      },
      {
        "name": "Franchisee",
        "auditable": "false",
        "softDelete": "true",
        "fields": [
         {
            "name": "name",
            "type": "text",
            "javaType": "String",
            "restrictions": {
				"required": "true"
            }
          },
          {
            "name": "location",
            "type": "text",
			"javaType": "String",
			"restrictions": {
				"required": "true"
            }
          },
          {
            "name": "district",
            "type": "text",
			"javaType": "String",
			"restrictions": {
				"required": "true"
            }
          },
          {
            "name": "phoneNumber",
            "type": "text",
			"javaType": "String",
			"restrictions": {
				"required": "true"
            }
          },
          {
            "name": "emailId",
            "type": "text",
			"javaType": "String",
			"restrictions": {
				"required": "true"
            }
          },
		  {
            "name": "zipCode",
            "type": "text",
			"javaType": "String",
			"restrictions": {
				"required": "true"
            }
          },
		  {
            "name": "partner",
            "type": "text",
			"javaType": "Partner",
			"restrictions": {
				"required": "true"
			},
			"realtionShip":"ManyToOne",
			"isEntityReference" : "true"
          }
        ]
      },
      {
        "name": "University",
        "auditable": "false",
        "softDelete": "true",
        "fields": [
          {
            "name": "name",
            "type": "text",
            "javaType": "String",
            "restrictions": {
            	"required": "true"
            }
          },
          {
            "name": "address",
            "type": "text",
            "javaType": "String",
            "restrictions": {
              "required": "true"
            }
          }
        ]
      }
    ]
  }
}