{
  "app": {
    "client": "shris",
    "serverProjectPath": "D:\\TNOUWorkspace\\demo",
    "entities": [
      {
        "name": "University",
        "auditable": "false",
        "softDelete": "false",
        "enterpriseSpecific": "false",
        "fields": [
          {
            "name": "name",
            "type": "text",
            "javaType": "String",
            "restrictions": {
              "unique": "true",
              "required": "true"
            }
          },
          {
            "name": "address",
            "type": "text",
            "javaType": "String"
          },
          {
            "name": "primaryContact",
            "type": "text",
            "javaType": "User",
            "realtionShip": "OneToOne",
            "isEntityReference" : "true"
          }
        ]
      },
      {
        "name": "Partner",
        "auditable": "false",
        "softDelete": "false",
        "enterpriseSpecific": "false",
        "fields": [
          {
            "name": "name",
            "type": "text",
            "javaType": "String",
            "restrictions": {
              "unique": "true",
              "required": "true"
            }
          },
          {
            "name": "address",
            "type": "text",
            "javaType": "String"
          },
          {
            "name": "university",
            "type": "text",
            "javaType": "University",
            "realtionShip": "OneToOne",
            "restrictions": {
              "required": "true"
            },
            "isEntityReference" : "true"
          },
          {
            "name": "primaryContact",
            "type": "text",
            "javaType": "User",
            "realtionShip": "OneToOne",
            "isEntityReference" : "true"
          }
        ]
      },
      {
        "name": "Franchisee",
        "auditable": "false",
        "softDelete": "true",
        "fields": [
          {
            "name": "name",
            "type": "text",
            "javaType": "String",
            "restrictions": {
              "unique": "true",
              "required": "true"
            }
          },
          {
            "name": "location",
            "type": "text",
            "javaType": "String"
          },
          {
            "name": "district",
            "type": "text",
            "javaType": "String"
          },
          {
            "name": "phoneNumber",
            "type": "text",
            "javaType": "String",
            "restrictions": {
              "required": "true"
            }
          },
          {
            "name": "emailId",
            "type": "text",
            "javaType": "String",
            "restrictions": {
              "required": "true"
            }
          },
          {
            "name": "zipCode",
            "type": "text",
            "javaType": "String"
          },
          {
            "name": "partner",
            "type": "text",
            "javaType": "Partner",
            "realtionShip": "OneToOne",
            "restrictions": {
              "required": "true"
            },
            "isEntityReference" : "true"
          },
          {
            "name": "primaryContact",
            "type": "text",
            "javaType": "User",
            "realtionShip": "OneToOne"
          }
        ]
      },
      {
        "name": "School",
        "auditable": "false",
        "softDelete": "true",
        "fields": [
          {
            "name": "schoolName",
            "type": "text",
            "javaType": "String",
            "restrictions": {
              "unique": "true",
              "required": "true"
            }
          },
          {
            "name": "location",
            "type": "text",
            "javaType": "String",
            "restrictions": {
              "required": "true"
            }
          },
          {
            "name": "district",
            "type": "text",
            "javaType": "String"
          },
          {
            "name": "emailId",
            "type": "text",
            "javaType": "String",
            "restrictions": {
              "required": "true"
            }
          },
          {
            "name": "phoneNumber",
            "type": "text",
            "javaType": "String",
            "restrictions": {
              "required": "true"
            }
          },
          {
            "name": "contact",
            "type": "text",
            "javaType": "String",
            "restrictions": {
              "required": "true"
            }
          },
          {
            "name": "frachisee",
            "type": "text",
            "javaType": "Franchisee",
            "realtionShip": "OneToOne",
            "restrictions": {
              "required": "true"
            },
            "isEntityReference" : "true"
          },
          {
            "name": "type",
            "type": "text",
            "javaType": "boolean",
            "restrictions": {
              "required": "true"
            }
          },
          {
            "name": "primaryContact",
            "type": "text",
            "javaType": "User",
            "realtionShip": "OneToOne",
            "restrictions": {
              "required": "true"
            },
            "isEntityReference" : "true"
          }
        ]
      },
      {
        "name": "SchoolClass",
        "auditable": "false",
        "softDelete": "true",
        "fields": [
          {
            "name": "className",
            "type": "text",
            "javaType": "String",
            "restrictions": {
              "unique": "true",
              "required": "true"
            }
          }
        ]
      },
      {
        "name": "Student",
        "auditable": "false",
        "softDelete": "true",
        "fields": [
          {
            "name": "studentName",
            "type": "text",
            "javaType": "String",
            "restrictions": {
              "required": "true"
            }
          },
          {
            "name": "studentClass",
            "type": "text",
            "javaType": "String",
            "restrictions": {
              "required": "true"
            }
          },
          {
            "name": "section",
            "type": "text",
            "javaType": "String",
            "restrictions": {
              "required": "true"
            }
          },
          {
            "name": "studentAddress",
            "type": "text",
            "javaType": "String",
            "restrictions": {
              "required": "true"
            }
          },
          {
            "name": "parentName",
            "type": "text",
            "javaType": "String",
            "restrictions": {
              "required": "true"
            }
          },
          {
            "name": "parentPhoneNumber",
            "type": "text",
            "javaType": "String",
            "restrictions": {
              "required": "true"
            }
          },
          {
            "name": "parentEmail",
            "type": "text",
            "javaType": "String",
            "restrictions": {
              "required": "true"
            }
          },
          {
            "name": "gender",
            "type": "text",
            "javaType": "String",
            "restrictions": {
              "required": "true"
            }
          },
          {
            "name": "aadharCardNumber",
            "type": "text",
            "javaType": "String",
            "restrictions": {
              "required": "false"
            }
          },
          {
            "name": "nationality",
            "type": "text",
            "javaType": "String",
            "restrictions": {
              "required": "false"
            }
          },
          {
            "name": "motherTounge",
            "type": "text",
            "javaType": "String",
            "restrictions": {
              "required": "false"
            }
          },
          {
            "name": "cast",
            "type": "text",
            "javaType": "String",
            "restrictions": {
              "required": "false"
            }
          },
          {
            "name": "dateOfBirth",
            "type": "date",
            "javaType": "Date",
            "restrictions": {
              "required": "true"
            }
          },
          {
            "name": "registrationDate",
            "type": "date",
            "javaType": "Date",
            "restrictions": {
              "required": "true"
            }
          },
          {
            "name": "studentPhoto",
            "type": "text",
            "javaType": "String",
            "restrictions": {
              "required": "false"
            }
          },
          {
            "name": "partner",
            "type": "text",
            "javaType": "Partner",
            "realtionShip": "OneToOne",
            "restrictions": {
              "required": "true"
            },
            "isEntityReference" : "true"
          },
          {
            "name": "frachisee",
            "type": "text",
            "javaType": "Franchisee",
            "realtionShip": "OneToOne",
            "restrictions": {
              "required": "true"
            },
            "isEntityReference" : "true"
          },
          {
            "name": "school",
            "type": "text",
            "javaType": "School",
            "realtionShip": "OneToOne",
            "restrictions": {
              "required": "true"
            },
            "isEntityReference" : "true"
          },
          {
            "name": "user",
            "type": "text",
            "javaType": "User",
            "realtionShip": "OneToOne",
            "restrictions": {
              "required": "true"
            },
            "isEntityReference" : "true"
          }
        ]
      },
      {
        "name": "Course",
        "auditable": "false",
        "softDelete": "true",
        "fields": [
          {
            "name": "name",
            "type": "text",
            "javaType": "String",
            "restrictions": {
              "unique": "true",
              "required": "true"
            }
          },
          {
            "name": "level",
            "type": "text",
            "javaType": "String",
            "restrictions": {
              "required": "true"
            }
          },
          {
            "name": "classList",
            "type": "text",
            "javaType": "SchoolClass",
            "realtionShip": "OneToMany",
            "restrictions": {
              "required": "true"
            },
            "isEntityReference" : "true"
          }
        ]
      },
      {
        "name": "CourseQuestion",
        "auditable": "false",
        "softDelete": "true",
        "fields": [
          {
            "name": "question",
            "type": "text",
            "javaType": "String",
            "restrictions": {
              "required": "true"
            }
          },
          {
            "name": "course",
            "type": "text",
            "javaType": "Course",
            "realtionShip": "OneToOne",
            "restrictions": {
              "required": "true"
            },
            "isEntityReference" : "true"
          },
          {
            "name": "optionList",
            "type": "text",
            "javaType": "String",
            "realtionShip": "OneToMany",
            "restrictions": {
              "required": "true"
            }
          },
          {
            "name": "rightOption",
            "type": "text",
            "javaType": "String",
            "realtionShip": "OneToOne",
            "restrictions": {
              "required": "true"
            }
          },
          {
            "name": "answeredOption",
            "type": "text",
            "javaType": "String",
            "realtionShip": "OneToOne",
            "restrictions": {
              "required": "true"
            }
          }
        ]
      },
      {
        "name": "StudentCourse",
        "auditable": "false",
        "softDelete": "true",
        "fields": [
          {
            "name": "enrollmentDate",
            "type": "date",
            "javaType": "Date",
            "restrictions": {
              "required": "true"
            }
          },
          {
            "name": "enrollmentFormPhoto",
            "type": "text",
            "javaType": "String",
            "restrictions": {
              "required": "false"
            }
          },
          {
            "name": "enrollmentNumber",
            "type": "text",
            "javaType": "String",
            "restrictions": {
              "required": "false"
            }
          },
          {
            "name": "evaluationDate",
            "type": "date",
            "javaType": "Date"
          },
          {
            "name": "certificationDate",
            "type": "date",
            "javaType": "Date"
          },
          {
            "name": "certificatePhoto",
            "type": "text",
            "javaType": "String",
            "restrictions": {
              "required": "false"
            }
          },
          {
            "name": "grade",
            "type": "text",
            "javaType": "String"
          },
          {
            "name": "scorePercent",
            "type": "text",
            "javaType": "double"
          },
          {
            "name": "paid",
            "type": "text",
            "javaType": "boolean"
          },
          {
            "name": "student",
            "type": "text",
            "javaType": "Student",
            "realtionShip": "OneToOne",
            "restrictions": {
              "required": "true"
            },
            "isEntityReference" : "true"
          },
          {
            "name": "course",
            "type": "text",
            "javaType": "Course",
            "realtionShip": "OneToOne",
            "restrictions": {
              "required": "true"
            },
            "isEntityReference" : "true"
          }
        ]
      },
      {
        "name": "StudentEvaluation",
        "auditable": "false",
        "softDelete": "true",
        "fields": [
          {
            "name": "studentCourse",
            "type": "text",
            "javaType": "StudentCourse",
            "restrictions": {
              "required": "true"
            },
            "isEntityReference" : "true"
          },
          {
            "name": "questionList",
            "type": "text",
            "javaType": "CourseQuestion",
            "realtionShip": "OneToMany",
            "restrictions": {
              "required": "true"
            },
            "isEntityReference" : "true"
          }
        ]
      },
      {
        "name": "User",
        "auditable": "false",
        "softDelete": "true",
        "fields": [
          {
            "name": "name",
            "type": "text",
            "javaType": "String",
            "restrictions": {
              "required": "true"
            }
          },
          {
            "name": "loginId",
            "type": "text",
            "javaType": "String",
            "restrictions": {
              "unique": "true",
              "required": "true"
            }
          },
          {
            "name": "password",
            "type": "text",
            "javaType": "String",
            "restrictions": {
              "required": "true"
            }
          },
          {
            "name": "phoneNumber",
            "type": "text",
            "javaType": "String"
          },
          {
            "name": "emailId",
            "type": "text",
            "javaType": "String",
            "restrictions": {
              "required": "true"
            }
          },
          {
            "name": "address",
            "type": "text",
            "javaType": "String"
          },
          {
            "name": "isActive",
            "type": "text",
            "javaType": "boolean"
          },
          {
            "name": "role",
            "type": "text",
            "javaType": "Role",
            "realtionShip": "OneToOne",
            "restrictions": {
              "required": "true"
            }
          }
        ]
      },
      {
        "name": "District",
        "auditable": "false",
        "softDelete": "true",
        "fields": [
          {
            "name": "name",
            "type": "text",
            "javaType": "String",
            "restrictions": {
              "unique": "true",
              "required": "true"
            }
          },
          {
            "name": "state",
            "type": "text",
            "javaType": "String",
            "restrictions": {
              "required": "true"
            }
          }
        ]
      },
      {
        "name": "Zone",
        "auditable": "false",
        "softDelete": "true",
        "fields": [
          {
            "name": "name",
            "type": "text",
            "javaType": "String",
            "restrictions": {
              "unique": "true",
              "required": "true"
            }
          },
          {
            "name": "district",
            "type": "text",
            "javaType": "District",
            "realtionShip": "OneToOne",
            "restrictions": {
              "required": "true"
            },
            "isEntityReference" : "true"
          }
        ]
      },
      {
        "name": "Block",
        "auditable": "false",
        "softDelete": "true",
        "fields": [
          {
            "name": "name",
            "type": "text",
            "javaType": "String",
            "restrictions": {
              "unique": "true",
              "required": "true"
            }
          },
          {
            "name": "zone",
            "type": "text",
            "javaType": "Zone",
            "realtionShip": "OneToOne",
            "restrictions": {
              "required": "true"
            },
            "isEntityReference" : "true"
          }
        ]
      },
      {
        "name": "UniversityUsers",
        "auditable": "false",
        "softDelete": "true",
        "fields": [
          {
            "name": "university",
            "type": "text",
            "javaType": "University",
            "restrictions": {
              "required": "true"
            },
            "isEntityReference" : "true"
          },
          {
            "name": "universityUsers",
            "type": "text",
            "javaType": "User",
            "realtionShip": "OneToMany",
            "restrictions": {
              "required": "true"
            },
            "isEntityReference" : "true"
          }
        ]
      },
      {
        "name": "PartnerUsers",
        "auditable": "false",
        "softDelete": "true",
        "fields": [
          {
            "name": "partner",
            "type": "text",
            "javaType": "Partner",
            "restrictions": {
              "required": "true"
            },
            "isEntityReference" : "true"
          },
          {
            "name": "partnerUsers",
            "type": "text",
            "javaType": "User",
            "realtionShip": "OneToMany",
            "restrictions": {
              "required": "true"
            },
            "isEntityReference" : "true"
          }
        ]
      },
      {
        "name": "FranchiseUsers",
        "auditable": "false",
        "softDelete": "true",
        "fields": [
          {
            "name": "franchisee",
            "type": "text",
            "javaType": "Franchisee",
            "restrictions": {
              "required": "true"
            },
            "isEntityReference" : "true"
          },
          {
            "name": "franchiseUsers",
            "type": "text",
            "javaType": "User",
            "realtionShip": "OneToMany",
            "restrictions": {
              "required": "true"
            },
            "isEntityReference" : "true"
          }
        ]
      },
      {
        "name": "SchoolUsers",
        "auditable": "false",
        "softDelete": "true",
        "fields": [
          {
            "name": "school",
            "type": "text",
            "javaType": "School",
            "restrictions": {
              "required": "true"
            },
            "isEntityReference" : "true"
          },
          {
            "name": "schoolUsers",
            "type": "text",
            "javaType": "User",
            "realtionShip": "OneToMany",
            "restrictions": {
              "required": "true"
            },
            "isEntityReference" : "true"
          }
        ]
      }
    ]
  }
}