{
  "app": {
    "client": "shris",
    "serverProjectPath": "D:\\meanstack-workspace\\erasmus\\bala",
    
    
    "entities": [
      {
        "name": "Employee",
        "auditable": "true",
        "softDelete": "false",
        "overrideExisting": "false",
        "enterpriseSpecific": "false",
        "fields": [
          {
            "name": "empName",
            "type": "text",
            "javaType": "String",
            "restrictions": {
				"required": "false"
            }
          },
          {
            "name": "email",
            "type": "text",
			"javaType": "String",
			"restrictions": {
				"required": "false"
            }
          },
          {
            "name": "address",
            "type": "text",
			"javaType": "String",
			"restrictions": {
				"required": "false"
            }
          },
		  {
            "name": "dateOfBirth",
            "type": "text",
			"javaType": "Date",
			"restrictions": {
				"required": "false"
            }
          },
		  {
            "name": "gender",
            "type": "text",
			"javaType": "String",
			"restrictions": {
				"required": "false"
			}
          },
		  {
            "name": "department",
            "type": "text",
			"javaType": "Department",
			"restrictions": {
				"required": "false"
			},
			"realtionShip":"OneToMany",
			"isEntityReference" : "true"
          }
		]
      },
      {
        "name": "Department",
        "auditable": "false",
        "softDelete": "false",
        "overrideExisting": "false",
        "enterpriseSpecific": "false",
        "fields": [
          {
            "name": "deptName",
            "type": "text",
            "javaType": "String",
            "restrictions": {
              "required": "false"
            }
          },
          {
            "name": "organization",
            "type": "text",
			"javaType": "Organization",
			"restrictions": {
				"required": "false"
			},
			"realtionShip":"OneToMany",
			"isEntityReference" : "true"
          }
        ]
      },
      {
        "name": "Organization",
        "auditable": "true",
        "softDelete": "false",
        "overrideExisting": "false",
        "enterpriseSpecific": "false",
        "fields": [
          {
            "name": "orgName",
            "type": "text",
            "javaType": "String",
            "restrictions": {
				"required": "false"
            }
          },
          {
            "name": "address",
            "type": "text",
			"javaType": "String",
			"restrictions": {
				"required": "false"
            }
          }
		]
      },
       {
        "name": "Student",
        "auditable": "true",
        "softDelete": "false",
        "overrideExisting": "true",
        "enterpriseSpecific": "false",
        "fields": [
          {
            "name": "studentName",
            "type": "text",
            "javaType": "String",
            "restrictions": {
				"required": "false"
            }
          },
          {
            "name": "email",
            "type": "text",
			"javaType": "String",
			"restrictions": {
				"required": "false"
            }
          },
          {
            "name": "address",
            "type": "text",
			"javaType": "String",
			"restrictions": {
				"required": "false"
            }
          },
		 
		  {
            "name": "gender",
            "type": "text",
			"javaType": "String",
			"restrictions": {
				"required": "false"
			}
          }
		]
      }
    ]
  }
}