{
  "app": {
    "client": "erasmus",
    "serverProjectPath": "D:\\meanstack-workspace\\balatech",
    
    
    "entities": [
      {
        "name": "Position",
        "auditable": "true",
        "softDelete": "false",
        "enterpriseSpecific": "false",
        "fields": [
          {
            "name": "tradeId",
            "type": "string",
            "javaType": "String",
            "restrictions": {
				"required": "false"
            }
          },
          {
            "name": "BBId",
            "type": "string",
			"javaType": "String",
			"restrictions": {
				"required": "false"
            }
          },
          {
            "name": "shortName",
            "type": "string",
			"javaType": "String",
			"restrictions": {
				"required": "false"
            }
          },
		  {
            "name": "issuer",
            "type": "string",
			"javaType": "String",
			"restrictions": {
				"required": "false"
            }
          },
		  {
            "name": "dayIn",
            "type": "string",
			"javaType": "Date",
			"restrictions": {
				"required": "false"
			}
          },
		  {
            "name": "timeIn",
            "type": "string",
			"javaType": "Date",
			"restrictions": {
				"required": "false"
			}
          },
		  {
            "name": "dealerIn",
            "type": "string",
			"javaType": "Date",
			"restrictions": {
				"required": "false"
			}
          },{
            "name": "priceIn",
            "type": "string",
			"javaType": "Double"
          },{
            "name": "size",
            "type": "string",
			"javaType": "Double"
			},{
            "name": "currentPrice",
            "type": "string",
			"javaType": "Double"
          },{
            "name": "FX",
            "type": "string",
			"javaType": "String"
			},{
            "name": "capitalAtRisk",
            "type": "string",
			"javaType": "Double"
          },{
            "name": "PL",
            "type": "string",
			"javaType": "Double"
			},{
            "name": "YTM",
            "type": "string",
			"javaType": "String"
          },{
            "name": "carry",
            "type": "string",
			"javaType": "String"
		  },{
            "name": "currentYield",
            "type": "string",
			"javaType": "String"
			
          }
		  
		]
      },
      {
        "name": "ColorLogBook",
        "auditable": "false",
        "softDelete": "false",
        "enterpriseSpecific": "false",
        "fields": [
          {
            "name": "Issue",
            "type": "string",
            "javaType": "String"
          },
          {
            "name": "counterParty",
            "type": "string",
            "javaType": "String"
          },
		  {
            "name": "dateAndTime",
            "type": "string",
            "javaType": "Date"
          },
		  {
            "name": "side",
            "type": "string",
            "javaType": "String"
          },
		  {
            "name": "strength",
            "type": "string",
            "javaType": "String"
          },
		  {
            "name": "sizeIndicated",
            "type": "string",
            "javaType": "String"
          },
		  {
            "name": "price",
            "type": "string",
            "javaType": "Double"
          },
		  {
            "name": "strengthOfColor",
            "type": "string",
            "javaType": "String"
          },
		  {
            "name": "currentHolderImpact ",
            "type": "string",
            "javaType": "String"
          },
		  {
            "name": "news",
            "type": "string",
            "javaType": "String"
          },
		  {
            "name": "event",
            "type": "string",
            "javaType": "String"
          }
		   
        ]
      }
      
    ]
  }
}