{
  "app": {
    "client": "balatesting",
    "serverProjectPath": "/home/vivek/input",
    
    
    "entities": [{
			"name": "User",
			"auditable": "false",
			"softDelete": "false",
			"overrideExisting": "false",
			"enterpriseSpecific": "false",
			"fields":[
			{
				"name": "userName",
				"type": "text",
				"javaType": "String",
				"restrictions": {
					"required": "false"
				}
			},
			{
			"name": "firstName",
				"type": "text",
				"javaType": "String",
				"restrictions": {
					"required": "false"
				}
			},{
			"name": "lastName",
				"type": "text",
				"javaType": "String",
				"restrictions": {
					"required": "false"
				}
			},{
			"name": "enterpriseId",
				"type": "text",
				"javaType": "String",
				"restrictions": {
					"required": "false"
				}
			}]
			},
			
			{
			"name": "Role",
			"auditable": "false",
			"softDelete": "false",
			"overrideExisting": "false",
			"enterpriseSpecific": "false",
			"fields":[
			{
				"name": "name",
				"type": "text",
				"javaType": "String",
				"restrictions": {
					"required": "false"
				}
			},
			{
			"name": "description",
				"type": "text",
				"javaType": "String",
				"restrictions": {
					"required": "false"
				}
			}]
			},
			{
			"name": "Function",
			"auditable": "false",
			"softDelete": "false",
			"overrideExisting": "false",
			"enterpriseSpecific": "false",
			"fields":[
			{
				"name": "name",
				"type": "text",
				"javaType": "String",
				"restrictions": {
					"required": "false"
				}
			},
			{
			"name": "code",
				"type": "text",
				"javaType": "String",
				"restrictions": {
					"required": "false"
				}
			},
			{
			"name": "description",
				"type": "text",
				"javaType": "String",
				"restrictions": {
					"required": "false"
				}
			}]
			},
			{
			"name": "Enterprise",
			"auditable": "false",
			"softDelete": "false",
			"overrideExisting": "false",
			"enterpriseSpecific": "false",
			"fields":[
			{
				"name": "enterpriseName",
				"type": "text",
				"javaType": "String",
				"restrictions": {
					"required": "false"
				}
			},
			{
			"name": "description",
				"type": "text",
				"javaType": "String",
				"restrictions": {
					"required": "false"
				}
			},
			{
			"name": "firstName",
				"type": "text",
				"javaType": "String",
				"restrictions": {
					"required": "false"
				}
			},
			{
			"name": "lastName",
				"type": "text",
				"javaType": "String",
				"restrictions": {
					"required": "false"
				}
			}]
			}]
  }
}